Наименование,Наименование артикула,Код артикула,Валюта,ID артикула,Цена,Доступен для заказа,Зачеркнутая цена,Закупочная цена,В наличии,ID товара,Краткое описание,Описание,Наклейка,Статус,Выбор вариантов товара,Теги,Облагается налогом,Заголовок,META Keywords,META Description,Ссылка на витрину,Адрес видео на YouTube или Vimeo,Дополнительные параметры,Изображения товаров,Цвет,Материал,Высота,Толщина,Ширина,Размер,Открывание,Тип товаров,Остекление
Дверь Кристалл,ДВ-КРИ-0,ДВ-КРИ-0,RUB,0,19600,1,0,0,1000,,,,,,,,,,,,,,,https://www.oniks-dveri.ru/upload/iblock/923/%D0%AD%D0%BC%D0%B0%D0%BB%D1%8C%20%D1%81%D0%B5%D1%80%D0%B0%D1%8F%207040%20%D0%9C%D0%94%D0%A4%20%D0%9A%D1%80%D0%B8%D1%81%D1%82%D0%B0%D0%BB%D0%BB.jpg,,,,,,,,Дверь Оникс,
Дверь Концепт,ДВ-КОН-1,ДВ-КОН-1,RUB,1,14700,1,0,0,1000,,,,,,,,,,,,,,,https://www.oniks-dveri.ru/upload/iblock/a59/1%20%D0%BA%D0%BE%D0%BD%D1%86%D0%B5%D0%BF%D1%82%20%D1%8D%D0%BC%D0%B0%D0%BB%D1%8C%207040%20%D0%BA%D0%BE%D0%BF%D0%B8%D1%8F.jpg,,,,,,,,Дверь Оникс,
Дверь Флоренция,ДВ-ФЛО-2,ДВ-ФЛО-2,RUB,2,23100,1,0,0,1000,,,,,,,,,,,,,,,https://www.oniks-dveri.ru/upload/iblock/84c/%D1%84%D0%BB%D0%BE%D1%80%D0%B5%D0%BD%D1%86%D0%B8%D1%8F%20%D1%81%D0%BE%D0%B1%D1%80.jpg,,,,,,,,Дверь Оникс,
Дверь Дельта,ДВ-ДЕЛ-3,ДВ-ДЕЛ-3,RUB,3,15100,1,0,0,1000,,,,,,,,,,,,,,,https://www.oniks-dveri.ru/upload/iblock/6ff/%D0%BD%D0%BE%D0%B2%D0%B0%D1%8F%20%D1%84%D1%80%D0%B5%D0%B7%D0%B0%20%D0%BA%D0%BE%D0%BF%D0%B8%D1%8F.png,,,,,,,,Дверь Оникс,
Дверь Софья,ДВ-СОФ-4,ДВ-СОФ-4,RUB,4,13400,1,0,0,1000,,,,,,,,,,,,,,,https://www.oniks-dveri.ru/upload/iblock/d6b/%D0%AD%D0%BC%D0%B0%D0%BB%D1%8C%20%D0%B1%D0%B5%D0%BB%D0%B0%D1%8F%20%D0%9C%D0%94%D0%A4%20-%20%D0%B0%D0%BD%D0%BE%D0%BD%D1%81.png,,,,,,,,Дверь Оникс,
Дверь Турин с решёткой фрезерованный,ДВ-ТУР-5,ДВ-ТУР-5,RUB,5,19700,1,0,0,1000,,,,,,,,,,,,,,,https://www.oniks-dveri.ru/upload/iblock/2c8/%D0%A2%D1%83%D1%80%D0%B8%D0%BD%20%D0%B1%D0%B5%D0%BB%D0%B0%D1%8F%20%D1%84%D1%80%D0%B5%D0%B7%D0%B0%202.jpg,,,,,,,,Дверь Оникс,
Дверь Турин глухой фрезерованный,ДВ-ТУР-6,ДВ-ТУР-6,RUB,6,13400,1,0,0,1000,,,,,,,,,,,,,,,https://www.oniks-dveri.ru/upload/iblock/23a/%D0%A1%D0%BA%D1%80%D0%B8%D0%BD%D1%88%D0%BE%D1%82%2022-01-2020%20104921.jpg,,,,,,,,Дверь Оникс,
"Дверь Версаль, фрезерованное",ДВ-ВЕР-7,ДВ-ВЕР-7,RUB,7,13400,1,0,0,1000,,,,,,,,,,,,,,,https://www.oniks-dveri.ru/upload/iblock/bf1/%D0%B3%D0%BB%D0%B0%D0%B2%D0%BD%D0%B0%D1%8F%20%285%29.png,,,,,,,,Дверь Оникс,
"Дверь Марсель, фрезерованное",ДВ-МАР-8,ДВ-МАР-8,RUB,8,13400,1,0,0,1000,,,,,,,,,,,,,,,https://www.oniks-dveri.ru/upload/iblock/6a1/%D0%AD%D0%BC%D0%B0%D0%BB%D1%8C%20%D1%81%D0%BB%D0%BE%D0%BD%D0%BE%D0%B2%D0%B0%D1%8F%20%D0%BA%D0%BE%D1%81%D1%82%D1%8C%20%D0%9C%D0%94%D0%A4%20%D0%9C%D0%B0%D1%80%D1%81%D0%B5%D0%BB%D1%8C%20%D1%84%D1%80%D0%B5%D0%B7%D0%B0%20%D0%BE%D1%81%D1%82.jpg,,,,,,,,Дверь Оникс,
Дверь Милан фрезерованный,ДВ-МИЛ-9,ДВ-МИЛ-9,RUB,9,15100,1,0,0,1000,,,,,,,,,,,,,,,https://www.oniks-dveri.ru/upload/iblock/59b/%D0%BF%D1%80%D0%B8%D0%B2%D1%8C%D1%8E.png,,,,,,,,Дверь Оникс,
"Дверь Неаполь, фрезерованное",ДВ-НЕА-10,ДВ-НЕА-10,RUB,10,16000,1,0,0,1000,,,,,,,,,,,,,,,https://www.oniks-dveri.ru/upload/iblock/cc9/%D0%AD%D0%BC%D0%B0%D0%BB%D1%8C%20%D1%81%D0%BB%D0%BE%D0%BD%D0%BE%D0%B2%D0%B0%D1%8F%20%D0%BA%D0%BE%D1%81%D1%82%D1%8C%20%D0%9C%D0%94%D0%A4%20%D0%9D%D0%B5%D0%B0%D0%BF%D0%BE%D0%BB%D1%8C%20%D1%84%D1%80%D0%B5%D0%B7%D0%B0%20%D0%B3%D0%BB%D1%83%D1%85.jpg,,,,,,,,Дверь Оникс,
Дверь Орлеан,ДВ-ОРЛ-11,ДВ-ОРЛ-11,RUB,11,15100,1,0,0,1000,,,,,,,,,,,,,,,https://www.oniks-dveri.ru/upload/iblock/9eb/%D0%BE%D1%80%D0%BB%D0%B5%D0%B0%D0%BD%20%D1%87%D0%B5%D1%80%D0%BD%D0%B0%D1%8F%20%D1%8D%D0%BC%D0%B0%D0%BB%D1%8C.jpg,,,,,,,,Дверь Оникс,
Дверь Прованс фрезерованный,ДВ-ПРО-12,ДВ-ПРО-12,RUB,12,15100,1,0,0,1000,,,,,,,,,,,,,,,https://www.oniks-dveri.ru/upload/iblock/fda/%D0%91%D0%B5%D0%BB%D0%B0%D1%8F%20%D1%8D%D0%BC%D0%B0%D0%BB%D1%8C%20%D0%BF%D0%B0%D1%82%D0%B8%D0%BD%D0%B0%20%D1%81%D0%B5%D1%80%D0%B5%D0%B1%D1%80%D0%BE%20%D0%9F%D1%80%D0%BE%D0%B2%D0%B0%D0%BD%D1%81%20%D0%B3%D0%BB%D1%83%D1%85.jpg,,,,,,,,Дверь Оникс,
"Дверь Рада с декором, фрезерованное",ДВ-РАД-13,ДВ-РАД-13,RUB,13,17700,1,0,0,1000,,,,,,,,,,,,,,,https://www.oniks-dveri.ru/upload/iblock/a83/%D0%A1%D0%BB%D0%BE%D0%BD%D0%BE%D0%B2%D0%B0%D1%8F%20%D0%BA%D0%BE%D1%81%D1%82%D1%8C%20%D0%BF%D0%BE%20%D0%9C%D0%94%D0%A4%20%D0%BF%D0%B0%D1%82%D0%B8%D0%BD%D0%B0%20%D0%B7%D0%BE%D0%BB%D0%BE%D1%82%D0%BE%20%D0%BF%D0%BE%20%D1%84%D1%80%D0%B5%D0%B7%D0%B5.jpg,,,,,,,,Дверь Оникс,
"Дверь Рада простое, фрезерованное",ДВ-РАД-14,ДВ-РАД-14,RUB,14,13400,1,0,0,1000,,,,,,,,,,,,,,,https://www.oniks-dveri.ru/upload/iblock/c82/%D0%AD%D0%BC%D0%B0%D0%BB%D1%8C%20%D0%B1%D0%B5%D0%BB%D0%B0%D1%8F%20%D0%9C%D0%94%D0%A4%20%D0%BF%D0%B0%D1%82%D0%B8%D0%BD%D0%B0%20%D1%81%D0%B5%D1%80%D0%B5%D0%B1%D1%80%D0%BE%20%D0%B3%D0%BB%D1%83%D1%85.jpg,,,,,,,,Дверь Оникс,
Дверь Сицилия,ДВ-СИЦ-15,ДВ-СИЦ-15,RUB,15,15700,1,0,0,1000,,,,,,,,,,,,,,,https://www.oniks-dveri.ru/upload/iblock/433/01.jpg,,,,,,,,Дверь Оникс,
"Дверь Гранд, фрезерованное",ДВ-ГРА-16,ДВ-ГРА-16,RUB,16,15100,1,0,0,1000,,,,,,,,,,,,,,,https://www.oniks-dveri.ru/upload/iblock/dc0/%D0%93%D1%80%D0%B0%D0%BD%D0%B4%20%D1%84%D1%80%D0%B5%D0%B7%D0%B0.jpg,,,,,,,,Дверь Оникс,
"Дверь Эллипс, фрезерованное",ДВ-ЭЛЛ-17,ДВ-ЭЛЛ-17,RUB,17,13400,1,0,0,1000,,,,,,,,,,,,,,,https://www.oniks-dveri.ru/upload/iblock/9bb/%D0%AD%D0%BC%D0%B0%D0%BB%D1%8C%20%D0%B1%D0%B5%D0%BB%D0%B0%D1%8F%20%D0%9C%D0%94%D0%A4%20%D0%AD%D0%BB%D0%BB%D0%B8%D0%BF%D1%81%20%D1%84%D1%80%D0%B5%D0%B7%D0%B0%20%D0%B3%D0%BB%D1%83%D1%85.jpg,,,,,,,,Дверь Оникс,
Дверь Брюссель,ДВ-БРЮ-18,ДВ-БРЮ-18,RUB,18,13400,1,0,0,1000,,,,,,,,,,,,,,,https://www.oniks-dveri.ru/upload/iblock/616/%D0%AD%D0%BC%D0%B0%D0%BB%D1%8C%20%D1%81%D0%B5%D1%80%D0%B0%D1%8F%20%D0%9C%D0%94%D0%A4%20-%207040%20%D0%91%D1%80%D1%8E%D1%81%D1%81%D0%B5%D0%BB%D1%8C%20%D0%B3%D0%BB%D1%83%D1%85.jpg,,,,,,,,Дверь Оникс,
"Дверь Валенсия, фрезерованное",ДВ-ВАЛ-19,ДВ-ВАЛ-19,RUB,19,13400,1,0,0,1000,,,,,,,,,,,,,,,https://www.oniks-dveri.ru/upload/iblock/f47/%D0%B3%D0%BB%D0%B0%D0%B2%D0%BD%D0%B0%D1%8F%20%283%29.png,,,,,,,,Дверь Оникс,
"Дверь Венеция, фрезерованное",ДВ-ВЕН-20,ДВ-ВЕН-20,RUB,20,13400,1,0,0,1000,,,,,,,,,,,,,,,https://www.oniks-dveri.ru/upload/iblock/c4b/%D0%A1%D0%BA%D1%80%D0%B8%D0%BD%D1%88%D0%BE%D1%82%2014-01-2019%20163356.png,,,,,,,,Дверь Оникс,
Дверь Арт,ДВ-АРТ-0,ДВ-АРТ-0,RUB,0,25400,1,0,0,1000,,,,,,,,,,,,,,,https://www.oniks-dveri.ru/upload/iblock/1d2/%D0%B3%D0%BB%D0%B0%D0%B2%D0%BD%D0%B0%D1%8F%20%282%29.png,,,,,,,,Дверь Оникс,
Дверь Цельностеклянные,ДВ-ЦЕЛ-1,ДВ-ЦЕЛ-1,RUB,1,14400,1,0,0,1000,,,,,,,,,,,,,,,https://www.oniks-dveri.ru/upload/iblock/e62/%D0%BF%D1%80%D0%B8%D0%B2%D1%8C%D1%8E.jpg,,,,,,,,Дверь Оникс,
Дверь Лайн,ДВ-ЛАЙ-2,ДВ-ЛАЙ-2,RUB,2,17100,1,0,0,1000,,,,,,,,,,,,,,,https://www.oniks-dveri.ru/upload/iblock/bb4/%D0%B3%D0%BB%D0%B0%D0%B2%D0%BD%D0%B0%D1%8F.png,,,,,,,,Дверь Оникс,
Дверь Нео,ДВ-НЕО-3,ДВ-НЕО-3,RUB,3,20600,1,0,0,1000,,,,,,,,,,,,,,,https://www.oniks-dveri.ru/upload/iblock/f5e/%D0%B3%D0%BB%D0%B0%D0%B2%D0%BD%D0%B0%D1%8F%20%284%29.png,,,,,,,,Дверь Оникс,
Дверь Сеул,ДВ-СЕУ-4,ДВ-СЕУ-4,RUB,4,19700,1,0,0,1000,,,,,,,,,,,,,,,https://www.oniks-dveri.ru/upload/iblock/940/%D0%AD%D0%BC%D0%B0%D0%BB%D1%8C%20%D1%81%D0%BB%D0%BE%D0%BD%D0%BE%D0%B2%D0%B0%D1%8F%20%D0%BA%D0%BE%D1%81%D1%82%D1%8C%20%D0%BF%D0%BE%20%D1%8F%D1%81%D0%B5%D0%BD%D1%8E%20%20%D0%A1%D0%B5%D1%83%D0%BB.jpg,,,,,,,,Дверь Оникс,
Дверь Силуэт,ДВ-СИЛ-5,ДВ-СИЛ-5,RUB,5,17200,1,0,0,1000,,,,,,,,,,,,,,,https://www.oniks-dveri.ru/upload/iblock/b11/%D0%B3%D0%BB%D0%B0%D0%B2%D0%BD%D0%B0%D1%8F%20%281%29.png,,,,,,,,Дверь Оникс,
Дверь Соло 2,ДВ-СОЛ-6,ДВ-СОЛ-6,RUB,6,23200,1,0,0,1000,,,,,,,,,,,,,,,https://www.oniks-dveri.ru/upload/iblock/7a4/%D0%B3%D0%BB%D0%B0%D0%B2%D0%BD%D0%B0%D1%8F%20%283%29.png,,,,,,,,Дверь Оникс,
Дверь Соло 3,ДВ-СОЛ-7,ДВ-СОЛ-7,RUB,7,24800,1,0,0,1000,,,,,,,,,,,,,,,https://www.oniks-dveri.ru/upload/iblock/87c/%D0%A1%D1%82%D0%B5%D0%BA%D0%BB%D0%BE%20%D0%B1%D0%B5%D0%BB%20%D0%B8%20%D1%87%D1%91%D1%80%D0%BD%20-%20%D0%A1%D0%BE%D0%BB%D0%BE3%20%D1%81%D0%BE%D0%B1%D1%80.jpg,,,,,,,,Дверь Оникс,
Дверь Берлин,ДВ-БЕР-0,ДВ-БЕР-0,RUB,0,18600,1,0,0,1000,,,,,,,,,,,,,,,https://www.oniks-dveri.ru/upload/iblock/716/%D0%94%D1%83%D0%B1%20%D0%B0%D0%BD%D1%82%D0%B8%D1%87%D0%BD%D1%8B%D0%B9%20-%20%D0%9D%D0%B0%D0%BB%D0%B8%D1%87%D0%BD%D0%B8%D0%BA%20%D0%BF%D1%80%D1%8F%D0%BC%D0%BE%D0%B9.jpg,,,,,,,,Дверь Оникс,
Дверь Лофт 1,ДВ-ЛОФ-1,ДВ-ЛОФ-1,RUB,1,16900,1,0,0,1000,,,,,,,,,,,,,,,https://www.oniks-dveri.ru/upload/iblock/11f/1%20%D0%B4%D1%83%D0%B1%20%D0%B0%D0%BD%D1%82%D0%B8%D1%87%D0%BD%D1%8B%D0%B9%20%D0%BA%D0%BE%D0%BF%D0%B8%D1%8F%20%D0%BF%D1%80%D0%B8%D0%B2%D1%8C%D1%8E.png,,,,,,,,Дверь Оникс,
Дверь Лофт 2,ДВ-ЛОФ-2,ДВ-ЛОФ-2,RUB,2,16900,1,0,0,1000,,,,,,,,,,,,,,,https://www.oniks-dveri.ru/upload/iblock/ca5/2%20%D0%94%D1%83%D0%B1%20%D0%B3%D1%80%D0%B0%D1%84%D0%B8%D1%82%20-%20%D0%BB%D0%BE%D1%84%D1%82%20%D1%81%D0%B0%D0%B9%D1%82.png,,,,,,,,Дверь Оникс,
Дверь Лофт 3,ДВ-ЛОФ-3,ДВ-ЛОФ-3,RUB,3,16900,1,0,0,1000,,,,,,,,,,,,,,,https://www.oniks-dveri.ru/upload/iblock/601/3%20%D0%9A%D0%B0%D1%88%D1%82%D0%B0%D0%BD%20%D0%B4%D0%BB%D1%8F%20%D1%81%D0%B0%D0%B9%D1%82%D0%B0.png,,,,,,,,Дверь Оникс,
Дверь Лофт 4,ДВ-ЛОФ-4,ДВ-ЛОФ-4,RUB,4,16900,1,0,0,1000,,,,,,,,,,,,,,,https://www.oniks-dveri.ru/upload/iblock/897/%D0%94%D1%83%D0%B1%20%D0%B0%D0%BD%D1%82%D0%B8%D1%87%D0%BD%D1%8B%D0%B9%20-%20%D0%9B%D0%9E%D0%A4%D0%A2%20%E2%84%96%204.jpg,,,,,,,,Дверь Оникс,
Дверь Лофт 5,ДВ-ЛОФ-5,ДВ-ЛОФ-5,RUB,5,16900,1,0,0,1000,,,,,,,,,,,,,,,https://www.oniks-dveri.ru/upload/iblock/5c0/%D0%90%D0%B1%D1%80%D0%B8%D0%BA%D0%BE%D1%81%20-%20%D0%9D%D0%B0%D0%BB%D0%B8%D1%87%D0%BD%D0%B8%D0%BA%20%D0%BF%D1%80%D1%8F%D0%BC%D0%BE%D0%B9%20%D0%BF%D1%80%D0%B8%D0%B2%D1%8C%D1%8E.png,,,,,,,,Дверь Оникс,
Дверь Авангард,ДВ-АВА-0,ДВ-АВА-0,RUB,0,12800,1,0,0,1000,,,,,,,,,,,,,,,https://www.oniks-dveri.ru/upload/iblock/f35/02.jpg,,,,,,,,Дверь Оникс,
Дверь Акцент,ДВ-АКЦ-1,ДВ-АКЦ-1,RUB,1,11800,1,0,0,1000,,,,,,,,,,,,,,,https://www.oniks-dveri.ru/upload/iblock/061/%D0%B3%D0%BB%D0%B0%D0%B2%D0%BD%D0%B0%D1%8F%20%282%29.png,,,,,,,,Дверь Оникс,
Дверь Берлин,ДВ-БЕР-2,ДВ-БЕР-2,RUB,2,18600,1,0,0,1000,,,,,,,,,,,,,,,https://www.oniks-dveri.ru/upload/iblock/716/%D0%94%D1%83%D0%B1%20%D0%B0%D0%BD%D1%82%D0%B8%D1%87%D0%BD%D1%8B%D0%B9%20-%20%D0%9D%D0%B0%D0%BB%D0%B8%D1%87%D0%BD%D0%B8%D0%BA%20%D0%BF%D1%80%D1%8F%D0%BC%D0%BE%D0%B9.jpg,,,,,,,,Дверь Оникс,
Дверь Токио,ДВ-ТОК-3,ДВ-ТОК-3,RUB,3,23200,1,0,0,1000,,,,,,,,,,,,,,,https://www.oniks-dveri.ru/upload/iblock/2fb/%D0%94%D0%B2%D0%B5%D1%80%D1%8C%20%D0%BD%D0%BE%D0%B2%D0%B0%D1%8F%20%D0%A1%D0%A0L%20%D0%BE%D1%84%D1%82%20%D0%BA%D0%BE%D0%BF%D0%B8%D1%8F.png,,,,,,,,Дверь Оникс,
Дверь New York (Нью-Йорк),ДВ-NEW-4,ДВ-NEW-4,RUB,4,24800,1,0,0,1000,,,,,,,,,,,,,,,https://www.oniks-dveri.ru/upload/iblock/0ef/%D0%9D%D1%8C%D1%8E-%D0%99%D0%BE%D1%80%D0%BA.jpg,,,,,,,,Дверь Оникс,
Дверь Верона,ДВ-ВЕР-5,ДВ-ВЕР-5,RUB,5,10400,1,0,0,1000,,,,,,,,,,,,,,,https://www.oniks-dveri.ru/upload/iblock/d05/ukfdyfz.png,,,,,,,,Дверь Оникс,
Дверь Верона 2,ДВ-ВЕР-6,ДВ-ВЕР-6,RUB,6,11200,1,0,0,1000,,,,,,,,,,,,,,,https://www.oniks-dveri.ru/upload/iblock/1ab/%D0%B3%D0%BB%D0%B0%D0%B2%D0%BD%D0%B0%D1%8F%20%281%29.png,,,,,,,,Дверь Оникс,
Дверь Грация,ДВ-ГРА-7,ДВ-ГРА-7,RUB,7,10400,1,0,0,1000,,,,,,,,,,,,,,,https://www.oniks-dveri.ru/upload/iblock/438/%D0%B3%D0%BB%D0%B0%D0%B2%D0%BD%D0%B0%D1%8F.png,,,,,,,,Дверь Оникс,
Дверь Лондон,ДВ-ЛОН-8,ДВ-ЛОН-8,RUB,8,17100,1,0,0,1000,,,,,,,,,,,,,,,https://www.oniks-dveri.ru/upload/iblock/1a7/%D0%90%D0%BA%D0%B0%D1%86%D0%B8%D1%8F%20-%20%D0%9D%D0%B0%D0%BB%D0%B8%D1%87%D0%BD%D0%B8%D0%BA%20%D0%BF%D1%80%D1%8F%D0%BC%D0%BE%D0%B9%20%D0%BA%D0%BE%D0%BF%D0%B8%D1%8F.jpg,,,,,,,,Дверь Оникс,
Дверь Парма,ДВ-ПАР-9,ДВ-ПАР-9,RUB,9,10900,1,0,0,1000,,,,,,,,,,,,,,,https://www.oniks-dveri.ru/upload/iblock/898/0_%D0%BF%D0%B0%D1%80%D0%BC%D0%B0_%D1%81%D0%B5%D1%80%D1%8B%D0%B9%20%D0%B4%D1%83%D0%B1_%D1%81%D1%82%D0%B5%D0%BA%D0%BB%D0%BE.jpg,,,,,,,,Дверь Оникс,
Дверь Парма 1,ДВ-ПАР-10,ДВ-ПАР-10,RUB,10,12600,1,0,0,1000,,,,,,,,,,,,,,,https://www.oniks-dveri.ru/upload/iblock/771/%D0%BF%D0%B0%D1%80%D0%BC%D0%B01.jpg,,,,,,,,Дверь Оникс,
Дверь Парма с 3D элементами,ДВ-ПАР-11,ДВ-ПАР-11,RUB,11,20700,1,0,0,1000,,,,,,,,,,,,,,,https://www.oniks-dveri.ru/upload/iblock/f79/%D0%BF%D0%B0%D1%80%D0%BC%D0%B0%203d%20%20%203%20%D1%81%D0%B0%D0%B9%D1%82%20%D0%BF%D1%80%D0%B8%D0%B2%D1%8C%D1%8E.jpg,,,,,,,,Дверь Оникс,
Дверь Парма 3,ДВ-ПАР-12,ДВ-ПАР-12,RUB,12,10900,1,0,0,1000,,,,,,,,,,,,,,,https://www.oniks-dveri.ru/upload/iblock/2c6/parma3_zebrano-venge.jpg,,,,,,,,Дверь Оникс,
Дверь Порто,ДВ-ПОР-13,ДВ-ПОР-13,RUB,13,11300,1,0,0,1000,,,,,,,,,,,,,,,https://www.oniks-dveri.ru/upload/iblock/2a9/%D0%B3%D0%BB%D0%B0%D0%B2%D0%BD%D0%B0%D1%8F.png,,,,,,,,Дверь Оникс,
Дверь Престиж,ДВ-ПРЕ-14,ДВ-ПРЕ-14,RUB,14,9800,1,0,0,1000,,,,,,,,,,,,,,,https://www.oniks-dveri.ru/upload/iblock/91a/%D0%B3%D0%BB%D0%B0%D0%B2%D0%BD%D0%B0%D1%8F.png,,,,,,,,Дверь Оникс,
Дверь Престиж 1,ДВ-ПРЕ-15,ДВ-ПРЕ-15,RUB,15,9800,1,0,0,1000,,,,,,,,,,,,,,,https://www.oniks-dveri.ru/upload/iblock/89e/%D0%9F%D1%80%D0%B5%D1%81%D1%82%D0%B8%D0%B61.jpg,,,,,,,,Дверь Оникс,
Дверь Престиж 2,ДВ-ПРЕ-16,ДВ-ПРЕ-16,RUB,16,10500,1,0,0,1000,,,,,,,,,,,,,,,https://www.oniks-dveri.ru/upload/iblock/67a/%D0%9F%D1%80%D0%B5%D1%81%D1%82%D0%B8%D0%B62.jpg,,,,,,,,Дверь Оникс,
Дверь Рондо 3,ДВ-РОН-17,ДВ-РОН-17,RUB,17,20200,1,0,0,1000,,,,,,,,,,,,,,,https://www.oniks-dveri.ru/upload/iblock/89b/%D0%A0%D0%BE%D0%BD%D0%B4%D0%BE3.jpg,,,,,,,,Дверь Оникс,
Дверь Рондо,ДВ-РОН-18,ДВ-РОН-18,RUB,18,11300,1,0,0,1000,,,,,,,,,,,,,,,https://www.oniks-dveri.ru/upload/iblock/7e9/ukfdyfz.png,,,,,,,,Дверь Оникс,
Дверь Сити,ДВ-СИТ-19,ДВ-СИТ-19,RUB,19,10900,1,0,0,1000,,,,,,,,,,,,,,,https://www.oniks-dveri.ru/upload/iblock/f1d/%D0%A1%D0%BA%D1%80%D0%B8%D0%BD%D1%88%D0%BE%D1%82%2025-01-2019%20101943.jpg,,,,,,,,Дверь Оникс,
Дверь Соло,ДВ-СОЛ-20,ДВ-СОЛ-20,RUB,20,11200,1,0,0,1000,,,,,,,,,,,,,,,https://www.oniks-dveri.ru/upload/iblock/789/%D1%81%D0%BE%D0%BB%D0%BE.jpg,,,,,,,,Дверь Оникс,
Дверь Соната,ДВ-СОН-21,ДВ-СОН-21,RUB,21,10900,1,0,0,1000,,,,,,,,,,,,,,,https://www.oniks-dveri.ru/upload/iblock/af7/%D1%81%D0%BE%D0%BD%D0%B0%D1%82%D0%B0.jpg,,,,,,,,Дверь Оникс,
Дверь Твист,ДВ-ТВИ-22,ДВ-ТВИ-22,RUB,22,28200,1,0,0,1000,,,,,,,,,,,,,,,https://www.oniks-dveri.ru/upload/iblock/92b/%D0%A2%D0%B2%D0%B8%D1%81%D1%82%201%20%D1%81%D0%BE%D0%B1%D1%80.jpg,,,,,,,,Дверь Оникс,
Дверь Тектон 5,ДВ-ТЕК-23,ДВ-ТЕК-23,RUB,23,11500,1,0,0,1000,,,,,,,,,,,,,,,https://www.oniks-dveri.ru/upload/iblock/fb0/%D1%82%D0%B5%D0%BA%D1%82%D0%BE%D0%BD%20%D0%B0%D0%BA%D0%B0%D1%86%D0%B8%D1%8F.jpg,,,,,,,,Дверь Оникс,
Дверь Тектон 3,ДВ-ТЕК-24,ДВ-ТЕК-24,RUB,24,11500,1,0,0,1000,,,,,,,,,,,,,,,https://www.oniks-dveri.ru/upload/iblock/0bd/%D0%A1%D0%BA%D1%80%D0%B8%D0%BD%D1%88%D0%BE%D1%82%2028-08-2019%20135030.jpg,,,,,,,,Дверь Оникс,
Дверь Техно с молдингами,ДВ-ТЕХ-25,ДВ-ТЕХ-25,RUB,25,9900,1,0,0,1000,,,,,,,,,,,,,,,https://www.oniks-dveri.ru/upload/iblock/169/%D1%82%D0%B5%D1%85%D0%BD%D0%BE.jpg,,,,,,,,Дверь Оникс,
Дверь Техно,ДВ-ТЕХ-26,ДВ-ТЕХ-26,RUB,26,9900,1,0,0,1000,,,,,,,,,,,,,,,https://www.oniks-dveri.ru/upload/iblock/04f/%D0%94%D1%83%D0%B1%20%D1%84%D0%B0%D0%B9%20%D0%BB%D0%B0%D0%B9%D0%BD%20-%20%D0%A2%D0%B5%D1%85%D0%BD%D0%BE%20%D1%80%D0%B8%D1%81%2054%20%D0%B0%D0%BD%D0%BE%D0%BD%D1%81.jpg,,,,,,,,Дверь Оникс,
Дверь Урбан,ДВ-УРБ-27,ДВ-УРБ-27,RUB,27,10500,1,0,0,1000,,,,,,,,,,,,,,,https://www.oniks-dveri.ru/upload/iblock/8ba/%D1%83%D1%80%D0%B1%D0%B0%D0%BD%20%D1%8D%D0%B1%D0%B5%D0%BD.jpg,,,,,,,,Дверь Оникс,
Дверь Duo (Дуо),ДВ-DUO-28,ДВ-DUO-28,RUB,28,10400,1,0,0,1000,,,,,,,,,,,,,,,https://www.oniks-dveri.ru/upload/iblock/69e/%D0%BC%D0%BE%D0%BA%D0%BA%D0%BE%20%D1%81%D0%BB%D0%BE%D0%BD%201%20%D1%81%D0%BD%D0%B0%D0%BB%20%D0%B0%D0%BD%D0%BE%D0%BD%D1%81.jpg,,,,,,,,Дверь Оникс,
Дверь Бристоль 1,ДВ-БРИ-0,ДВ-БРИ-0,RUB,0,20600,1,0,0,1000,,,,,,,,,,,,,,,https://www.oniks-dveri.ru/upload/iblock/2d9/%D0%91%D1%80%D0%B8%D1%81%D1%82%D0%BE%D0%BB%D1%8C%201%20%D0%BF%D1%80%D0%B8%D0%B2%D1%8C%D1%8E.jpg,,,,,,,,Дверь Оникс,
Дверь Бристоль,ДВ-БРИ-1,ДВ-БРИ-1,RUB,1,20600,1,0,0,1000,,,,,,,,,,,,,,,https://www.oniks-dveri.ru/upload/iblock/a5f/%D0%90%D0%BD%D0%BE%D0%BD%D1%81.jpg,,,,,,,,Дверь Оникс,
Дверь Вена,ДВ-ВЕН-2,ДВ-ВЕН-2,RUB,2,12900,1,0,0,1000,,,,,,,,,,,,,,,https://www.oniks-dveri.ru/upload/iblock/cf5/%D0%B3%D0%BB%D0%B0%D0%B2%D0%BD%D0%B0%D1%8F%20%281%29.png,,,,,,,,Дверь Оникс,
Дверь Вена 2,ДВ-ВЕН-3,ДВ-ВЕН-3,RUB,3,14700,1,0,0,1000,,,,,,,,,,,,,,,https://www.oniks-dveri.ru/upload/iblock/dd6/%D0%B3%D0%BB%D0%B0%D0%B2%D0%BD%D0%B0%D1%8F%20%282%29.png,,,,,,,,Дверь Оникс,
Дверь Гранд,ДВ-ГРА-4,ДВ-ГРА-4,RUB,4,18200,1,0,0,1000,,,,,,,,,,,,,,,https://www.oniks-dveri.ru/upload/iblock/171/%D0%B3%D0%BB%D0%B0%D0%B2%D0%BD%D0%B0%D1%8F%20%282%29.png,,,,,,,,Дверь Оникс,
Дверь Квадро,ДВ-КВА-5,ДВ-КВА-5,RUB,5,11100,1,0,0,1000,,,,,,,,,,,,,,,https://www.oniks-dveri.ru/upload/iblock/1c6/%D0%B3%D0%BB%D0%B0%D0%B2%D0%BD%D0%B0%D1%8F%20%283%29.png,,,,,,,,Дверь Оникс,
Дверь Лагуна,ДВ-ЛАГ-6,ДВ-ЛАГ-6,RUB,6,11100,1,0,0,1000,,,,,,,,,,,,,,,https://www.oniks-dveri.ru/upload/iblock/498/%D0%B3%D0%BB%D0%B0%D0%B2%D0%BD%D0%B0%D1%8F.png,,,,,,,,Дверь Оникс,
Дверь Марсель 2,ДВ-МАР-7,ДВ-МАР-7,RUB,7,11300,1,0,0,1000,,,,,,,,,,,,,,,https://www.oniks-dveri.ru/upload/iblock/59f/%D0%B3%D0%BB%D0%B0%D0%B2%D0%BD%D0%B0%D1%8F%20%281%29.png,,,,,,,,Дверь Оникс,
Дверь Милан,ДВ-МИЛ-8,ДВ-МИЛ-8,RUB,8,13300,1,0,0,1000,,,,,,,,,,,,,,,https://www.oniks-dveri.ru/upload/iblock/094/%D0%9C%D0%B8%D0%BB%D0%B0%D0%BD.jpg,,,,,,,,Дверь Оникс,
Дверь Неаполь,ДВ-НЕА-9,ДВ-НЕА-9,RUB,9,16800,1,0,0,1000,,,,,,,,,,,,,,,https://www.oniks-dveri.ru/upload/iblock/ef1/%D0%9D%D0%B5%D0%B0%D0%BF%D0%BE%D0%BB%D1%8C.jpg,,,,,,,,Дверь Оникс,
Дверь Премиум,ДВ-ПРЕ-10,ДВ-ПРЕ-10,RUB,10,11300,1,0,0,1000,,,,,,,,,,,,,,,https://www.oniks-dveri.ru/upload/iblock/071/%D0%BF%D1%80%D0%B5%D0%BC%D0%B8%D1%83%D0%BC.jpg,,,,,,,,Дверь Оникс,
Дверь Поло,ДВ-ПОЛ-0,ДВ-ПОЛ-0,RUB,0,23000,1,0,0,1000,,,,,,,,,,,,,,,https://www.oniks-dveri.ru/upload/iblock/256/%D0%AD%D0%BC%D0%B0%D0%BB%D1%8C%20%D1%81%D0%BB%D0%BE%D0%BD%D0%BE%D0%B2%D0%B0%D1%8F%20%D0%BA%D0%BE%D1%81%D1%82%D1%8C%20%D0%9C%D0%94%D0%A4%20%D0%9F%D0%BE%D0%BB%D0%BE%20%D0%BE%D1%81%D1%82.jpg,,,,,,,,Дверь Оникс,
Дверь Тоскана 1,ДВ-ТОС-1,ДВ-ТОС-1,RUB,1,21700,1,0,0,1000,,,,,,,,,,,,,,,https://www.oniks-dveri.ru/upload/iblock/b70/%D1%8D%D0%BC%D0%B0%D0%BB%D1%8C%20%D0%B1%D0%B5%D0%BB%D0%B0%D1%8F%20%D0%9C%D0%94%D0%A4_%D0%AD%D0%BC%D0%B0%D0%BB%D1%8C%20%D0%B3%D0%BE%D0%BB%D1%83%D0%B1%D0%B0%D1%8F%20%D0%9C%D0%94%D0%A4%20%D1%84%D1%80%D0%B5%D0%B7%20%D0%B3%D0%B5%D0%BE%D0%BC%D0%B5%D1%82%D1%80%D0%B8%D1%8F%20%D0%98%D1%82%D0%B0%D0%BB%D0%B8%D1%8F%201%20%D0%B3%D0%BB%D1%83%D1%85.jpg,,,,,,,,Дверь Оникс,
Дверь Тоскана 2,ДВ-ТОС-2,ДВ-ТОС-2,RUB,2,21700,1,0,0,1000,,,,,,,,,,,,,,,https://www.oniks-dveri.ru/upload/iblock/45d/%D0%AD%D0%BC%D0%B0%D0%BB%D1%8C%20%D0%B1%D0%B5%D0%BB%D0%B0%D1%8F%20%D0%9C%D0%94%D0%A4%20-%20%D0%9D%D0%B0%D0%BB%D0%B8%D1%87%D0%BD%D0%B8%D0%BA%20%D0%BF%D1%80%D1%8F%D0%BC%D0%BE%D0%B9.jpg,,,,,,,,Дверь Оникс,
Дверь Тоскана 3,ДВ-ТОС-3,ДВ-ТОС-3,RUB,3,21700,1,0,0,1000,,,,,,,,,,,,,,,https://www.oniks-dveri.ru/upload/iblock/32a/%D0%AD%D0%BC%D0%B0%D0%BB%D1%8C%20%D0%B1%D0%B5%D0%BB%D0%B0%D1%8F%20%D0%9C%D0%94%D0%A4_%D0%AD%D0%BC%D0%B0%D0%BB%D1%8C%20%D1%81%D0%B5%D1%80%D0%B0%D1%8F%207040%20%D0%9C%D0%94%D0%A4%20%D0%A2%D0%B0%D1%81%D0%BA%D0%B0%D0%BD%D0%B0%203%20%D0%B3%D0%BB%D1%83%D1%85.jpg,,,,,,,,Дверь Оникс,
Дверь Тоскана 4,ДВ-ТОС-4,ДВ-ТОС-4,RUB,4,21700,1,0,0,1000,,,,,,,,,,,,,,,https://www.oniks-dveri.ru/upload/iblock/7ba/%D0%AD%D0%BC%D0%B0%D0%BB%D1%8C%206021_%D0%AD%D0%BC%D0%B0%D0%BB%D1%8C%20%D1%84%D0%B8%D1%81%D1%82%D0%B0%D1%88%D0%BA%D0%B0%20%D0%9C%D0%94%D0%A4%20%D0%A2%D0%BE%D1%81%D0%BA%D0%B0%D0%BD%D0%B0%204%20%D0%B3%D0%BB%D1%83%D1%85.jpg,,,,,,,,Дверь Оникс,
Дверь Сорбонна,ДВ-СОР-5,ДВ-СОР-5,RUB,5,12500,1,0,0,1000,,,,,,,,,,,,,,,https://www.oniks-dveri.ru/upload/iblock/fe2/%D1%81%D0%BE%D1%80%D0%B1%D0%BE%D0%BD%D0%BD%D0%B0%203.jpg,,,,,,,,Дверь Оникс,
Дверь Александрия 1,ДВ-АЛЕ-6,ДВ-АЛЕ-6,RUB,6,17100,1,0,0,1000,,,,,,,,,,,,,,,https://www.oniks-dveri.ru/upload/iblock/6ae/%D0%B3%D0%BB%D0%B0%D0%B2%D0%BD%D0%BE%D0%B5.png,,,,,,,,Дверь Оникс,
Дверь Александрия 2,ДВ-АЛЕ-7,ДВ-АЛЕ-7,RUB,7,17100,1,0,0,1000,,,,,,,,,,,,,,,https://www.oniks-dveri.ru/upload/iblock/88d/%D0%B3%D0%BB%D0%B0%D0%B2%D0%BD%D0%BE%D0%B5.png,,,,,,,,Дверь Оникс,
Дверь Амстердам,ДВ-АМС-8,ДВ-АМС-8,RUB,8,14000,1,0,0,1000,,,,,,,,,,,,,,,https://www.oniks-dveri.ru/upload/iblock/ca8/%D0%B3%D0%BB%D0%B0%D0%B2%D0%BD%D0%B0%D1%8F%20%282%29.png,,,,,,,,Дверь Оникс,
Дверь Арка,ДВ-АРК-9,ДВ-АРК-9,RUB,9,10800,1,0,0,1000,,,,,,,,,,,,,,,https://www.oniks-dveri.ru/upload/iblock/37b/%D0%B3%D0%BB%D0%B0%D0%B2%D0%BD%D0%B0%D1%8F%20%283%29.png,,,,,,,,Дверь Оникс,
Дверь Арка 2,ДВ-АРК-10,ДВ-АРК-10,RUB,10,12500,1,0,0,1000,,,,,,,,,,,,,,,https://www.oniks-dveri.ru/upload/iblock/9f6/%D0%A1%D0%BA%D1%80%D0%B8%D0%BD%D1%88%D0%BE%D1%82%2026-12-2018%20144024%20%D0%BA%D0%BE%D0%BF%D0%B8%D1%8F.png,,,,,,,,Дверь Оникс,
Дверь Барселона,ДВ-БАР-11,ДВ-БАР-11,RUB,11,15000,1,0,0,1000,,,,,,,,,,,,,,,https://www.oniks-dveri.ru/upload/iblock/12e/%D0%B3%D0%BB%D0%B0%D0%B2%D0%BD%D0%B0%D1%8F%20%281%29.png,,,,,,,,Дверь Оникс,
Дверь Бостон,ДВ-БОС-12,ДВ-БОС-12,RUB,12,20600,1,0,0,1000,,,,,,,,,,,,,,,https://www.oniks-dveri.ru/upload/iblock/741/%D0%9A%D1%80%D0%B0%D1%81%D0%BD%D0%BE%D0%B5%20%D0%B4%D0%B5%D1%80%D0%B5%D0%B2%D0%BE%20%D1%87%D0%B5%D1%80%D0%BD%D0%B0%D1%8F%20%D0%BF%D0%B0%D1%82%D0%B8%D0%BD%D0%B0%20.jpg,,,,,,,,Дверь Оникс,
Дверь Валенсия,ДВ-ВАЛ-13,ДВ-ВАЛ-13,RUB,13,12300,1,0,0,1000,,,,,,,,,,,,,,,https://www.oniks-dveri.ru/upload/iblock/44b/%D0%BF%D1%80.png,,,,,,,,Дверь Оникс,
Дверь Венеция,ДВ-ВЕН-14,ДВ-ВЕН-14,RUB,14,11800,1,0,0,1000,,,,,,,,,,,,,,,https://www.oniks-dveri.ru/upload/iblock/1b7/%D0%B3%D0%BB%D0%B0%D0%B2%D0%BD%D0%B0%D1%8F%20%282%29.png,,,,,,,,Дверь Оникс,
Дверь Венеция 2,ДВ-ВЕН-15,ДВ-ВЕН-15,RUB,15,13400,1,0,0,1000,,,,,,,,,,,,,,,https://www.oniks-dveri.ru/upload/iblock/2b1/%D0%B3%D0%BB%D0%B0%D0%B2%D0%BD%D0%B0%D1%8F%20%281%29.png,,,,,,,,Дверь Оникс,
Дверь Версаль,ДВ-ВЕР-16,ДВ-ВЕР-16,RUB,16,11800,1,0,0,1000,,,,,,,,,,,,,,,https://www.oniks-dveri.ru/upload/iblock/ad7/ukfdyfz.png,,,,,,,,Дверь Оникс,
Дверь Глория,ДВ-ГЛО-17,ДВ-ГЛО-17,RUB,17,11200,1,0,0,1000,,,,,,,,,,,,,,,https://www.oniks-dveri.ru/upload/iblock/055/%D0%B3%D0%BB%D0%B0%D0%B2%D0%BD%D0%B0%D1%8F.png,,,,,,,,Дверь Оникс,
Дверь Италия 1,ДВ-ИТА-18,ДВ-ИТА-18,RUB,18,11600,1,0,0,1000,,,,,,,,,,,,,,,https://www.oniks-dveri.ru/upload/iblock/68e/%D0%B3%D0%BB%D0%B0%D0%B2%D0%BD%D0%B0%D1%8F%201.jpg,,,,,,,,Дверь Оникс,
Дверь Италия 2,ДВ-ИТА-19,ДВ-ИТА-19,RUB,19,11600,1,0,0,1000,,,,,,,,,,,,,,,https://www.oniks-dveri.ru/upload/iblock/45a/%D0%B3%D0%BB%D0%B0%D0%B2%D0%BD%D0%B0%D1%8F%20%281%29.png,,,,,,,,Дверь Оникс,
Дверь Италия 3,ДВ-ИТА-20,ДВ-ИТА-20,RUB,20,11600,1,0,0,1000,,,,,,,,,,,,,,,https://www.oniks-dveri.ru/upload/iblock/f24/%D0%B3%D0%BB%D0%B0%D0%B2%D0%BD%D0%B0%D1%8F%20%282%29.png,,,,,,,,Дверь Оникс,
Дверь Италия 4,ДВ-ИТА-21,ДВ-ИТА-21,RUB,21,11600,1,0,0,1000,,,,,,,,,,,,,,,https://www.oniks-dveri.ru/upload/iblock/92f/%D1%88%D0%B0%D0%B1%D0%BB%D0%BE%D0%BD1.png,,,,,,,,Дверь Оникс,
Дверь Классика,ДВ-КЛА-22,ДВ-КЛА-22,RUB,22,10800,1,0,0,1000,,,,,,,,,,,,,,,https://www.oniks-dveri.ru/upload/iblock/ad9/ukfdyfz%20%281%29.png,,,,,,,,Дверь Оникс,
Дверь Классика 2,ДВ-КЛА-23,ДВ-КЛА-23,RUB,23,12500,1,0,0,1000,,,,,,,,,,,,,,,https://www.oniks-dveri.ru/upload/iblock/c1c/ukfdyfz.png,,,,,,,,Дверь Оникс,
Дверь Марсель,ДВ-МАР-24,ДВ-МАР-24,RUB,24,9800,1,0,0,1000,,,,,,,,,,,,,,,https://www.oniks-dveri.ru/upload/iblock/248/marsel.jpg,,,,,,,,Дверь Оникс,
Дверь Оникс,ДВ-ОНИ-25,ДВ-ОНИ-25,RUB,25,20800,1,0,0,1000,,,,,,,,,,,,,,,https://www.oniks-dveri.ru/upload/iblock/68b/%D0%B3%D0%BB%D0%B0%D0%B2%D0%BD%D0%B0%D1%8F%20%281%29.png,,,,,,,,Дверь Оникс,
Дверь Палермо,ДВ-ПАЛ-26,ДВ-ПАЛ-26,RUB,26,11800,1,0,0,1000,,,,,,,,,,,,,,,https://www.oniks-dveri.ru/upload/iblock/57a/%D0%B3%D0%BB%D0%B0%D0%B2%D0%BD%D0%B0%D1%8F.png,,,,,,,,Дверь Оникс,
Дверь Палермо 2,ДВ-ПАЛ-27,ДВ-ПАЛ-27,RUB,27,13400,1,0,0,1000,,,,,,,,,,,,,,,https://www.oniks-dveri.ru/upload/iblock/99d/%D0%B3%D0%BB%D0%B0%D0%B2%D0%BD%D0%B0%D1%8F.png,,,,,,,,Дверь Оникс,
Дверь Пальмира,ДВ-ПАЛ-28,ДВ-ПАЛ-28,RUB,28,25700,1,0,0,1000,,,,,,,,,,,,,,,https://www.oniks-dveri.ru/upload/iblock/9fa/%D0%A1%D0%BA%D1%80%D0%B8%D0%BD%D1%88%D0%BE%D1%82%2011-02-2020%20150225.png,,,,,,,,Дверь Оникс,
Дверь Прага,ДВ-ПРА-29,ДВ-ПРА-29,RUB,29,11100,1,0,0,1000,,,,,,,,,,,,,,,https://www.oniks-dveri.ru/upload/iblock/f2d/%D0%B3%D0%BB%D0%B0%D0%B2%D0%BD%D0%B0%D1%8F%20%281%29.png,,,,,,,,Дверь Оникс,
Дверь Барселона с декором,ДВ-БАР-0,ДВ-БАР-0,RUB,0,27900,1,0,0,1000,,,,,,,,,,,,,,,https://www.oniks-dveri.ru/upload/iblock/ac1/%D0%B3%D0%BB%D0%B0%D0%B2%D0%BD%D0%B0%D1%8F.png,,,,,,,,Дверь Оникс,
Дверь Венеция с декором,ДВ-ВЕН-1,ДВ-ВЕН-1,RUB,1,22600,1,0,0,1000,,,,,,,,,,,,,,,https://www.oniks-dveri.ru/upload/iblock/578/%D0%A1%D0%BA%D1%80%D0%B8%D0%BD%D1%88%D0%BE%D1%82%2025-12-2018%20144446.jpg,,,,,,,,Дверь Оникс,
Дверь Византия,ДВ-ВИЗ-2,ДВ-ВИЗ-2,RUB,2,20600,1,0,0,1000,,,,,,,,,,,,,,,https://www.oniks-dveri.ru/upload/iblock/c32/%D0%B3%D0%BB%D0%B0%D0%B2%D0%BD%D0%B0%D1%8F.png,,,,,,,,Дверь Оникс,
Дверь Империя,ДВ-ИМП-3,ДВ-ИМП-3,RUB,3,28900,1,0,0,1000,,,,,,,,,,,,,,,https://www.oniks-dveri.ru/upload/iblock/88e/%D0%B3%D0%BB%D0%B0%D0%B2%D0%BD%D0%B0%D1%8F%20%281%29.png,,,,,,,,Дверь Оникс,
Дверь Лувр,ДВ-ЛУВ-4,ДВ-ЛУВ-4,RUB,4,23100,1,0,0,1000,,,,,,,,,,,,,,,https://www.oniks-dveri.ru/upload/iblock/0d6/%D0%B3%D0%BB%D0%B0%D0%B2%D0%BD%D0%B0%D1%8F%20%282%29.png,,,,,,,,Дверь Оникс,
Дверь Мадрид,ДВ-МАД-5,ДВ-МАД-5,RUB,5,21500,1,0,0,1000,,,,,,,,,,,,,,,https://www.oniks-dveri.ru/upload/iblock/d82/%D0%B3%D0%BB%D0%B0%D0%B2%D0%BD%D0%B0%D1%8F.png,,,,,,,,Дверь Оникс,
Дверь Мадрид 1,ДВ-МАД-6,ДВ-МАД-6,RUB,6,21500,1,0,0,1000,,,,,,,,,,,,,,,https://www.oniks-dveri.ru/upload/iblock/773/%D0%B3%D0%BB%D0%B0%D0%B2%D0%BD%D0%B0%D1%8F%20%281%29.png,,,,,,,,Дверь Оникс,
Дверь Мадрид остекленный,ДВ-МАД-7,ДВ-МАД-7,RUB,7,21500,1,0,0,1000,,,,,,,,,,,,,,,https://www.oniks-dveri.ru/upload/iblock/b37/%D0%B7%D0%BE%D0%BB_%D0%BF%D0%B0%D1%82%D0%B8%D0%BD%D0%B0_%D0%BA%D0%BE%D0%BD%D1%82%D1%83%D1%80.jpg,,,,,,,,Дверь Оникс,
Дверь Прима,ДВ-ПРИ-8,ДВ-ПРИ-8,RUB,8,22300,1,0,0,1000,,,,,,,,,,,,,,,https://www.oniks-dveri.ru/upload/iblock/0d9/%D0%B3%D0%BB%D0%B0%D0%B2%D0%BD%D0%B0%D1%8F%20%282%29.png,,,,,,,,Дверь Оникс,
Дверь Рада,ДВ-РАД-9,ДВ-РАД-9,RUB,9,23100,1,0,0,1000,,,,,,,,,,,,,,,https://www.oniks-dveri.ru/upload/iblock/541/%D0%B3%D0%BB%D0%B0%D0%B2%D0%BD%D0%B0%D1%8F.png,,,,,,,,Дверь Оникс,
Дверь Севилья,ДВ-СЕВ-10,ДВ-СЕВ-10,RUB,10,28200,1,0,0,1000,,,,,,,,,,,,,,,https://www.oniks-dveri.ru/upload/iblock/c87/%D0%B3%D0%BB%D0%B0%D0%B2%D0%BD%D0%B0%D1%8F%20%283%29.png,,,,,,,,Дверь Оникс,
"Дверь Цезарь, фрезерованное",ДВ-ЦЕЗ-11,ДВ-ЦЕЗ-11,RUB,11,20700,1,0,0,1000,,,,,,,,,,,,,,,https://www.oniks-dveri.ru/upload/iblock/46f/%D0%B3%D0%BB%D0%B0%D0%B2%D0%BD%D0%B0%D1%8F%20%284%29.png,,,,,,,,Дверь Оникс,
Дверь Эллипс с декором,ДВ-ЭЛЛ-12,ДВ-ЭЛЛ-12,RUB,12,25200,1,0,0,1000,,,,,,,,,,,,,,,https://www.oniks-dveri.ru/upload/iblock/f54/%D0%B3%D0%BB%D0%B0%D0%B2%D0%BD%D0%B0%D1%8F%20%282%29.png,,,,,,,,Дверь Оникс,
Дверь Элит,ДВ-ЭЛИ-13,ДВ-ЭЛИ-13,RUB,13,40000,1,0,0,1000,,,,,,,,,,,,,,,https://www.oniks-dveri.ru/upload/iblock/b87/%D1%8D%D0%BB%D0%B8%D1%82%20%D1%81%D0%B5%D1%80%D0%B0%D1%8F.jpg,,,,,,,,Дверь Оникс,
Дверь Вега,ДВ-ВЕГ-0,ДВ-ВЕГ-0,RUB,0,9100,1,0,0,1000,,,,,,,,,,,,,,,https://www.oniks-dveri.ru/upload/iblock/98e/vega_venge_print.jpg,,,,,,,,Дверь Оникс,
Дверь Вертикаль,ДВ-ВЕР-1,ДВ-ВЕР-1,RUB,1,8500,1,0,0,1000,,,,,,,,,,,,,,,https://www.oniks-dveri.ru/upload/iblock/5de/%D0%92%D0%B5%D1%80%D1%82%D0%B8%D0%BA%D0%B0%D0%BB%D1%8C.jpg,,,,,,,,Дверь Оникс,
Дверь Вертикаль остеклённая,ДВ-ВЕР-2,ДВ-ВЕР-2,RUB,2,8500,1,0,0,1000,,,,,,,,,,,,,,,https://www.oniks-dveri.ru/upload/iblock/85d/IMG_8326%20%D0%BA%D0%BE%D0%BF%D0%B8%D1%8F%20%282%29%20222.jpg,,,,,,,,Дверь Оникс,
Дверь Виктория,ДВ-ВИК-3,ДВ-ВИК-3,RUB,3,9000,1,0,0,1000,,,,,,,,,,,,,,,https://www.oniks-dveri.ru/upload/iblock/6c5/viktoria_venge%20.jpg,,,,,,,,Дверь Оникс,
Дверь Корсика 1,ДВ-КОР-4,ДВ-КОР-4,RUB,4,11100,1,0,0,1000,,,,,,,,,,,,,,,https://www.oniks-dveri.ru/upload/iblock/b4a/%D0%BA%D0%BE%D1%80%D1%81%D0%B8%D0%BA%D0%B0%201.jpg,,,,,,,,Дверь Оникс,
Дверь Корсика 2,ДВ-КОР-5,ДВ-КОР-5,RUB,5,11100,1,0,0,1000,,,,,,,,,,,,,,,https://www.oniks-dveri.ru/upload/iblock/18f/%D0%9A%D0%BE%D1%80%D1%81%D0%B8%D0%BA%D0%B0%202.jpg,,,,,,,,Дверь Оникс,
Дверь Модерн,ДВ-МОД-6,ДВ-МОД-6,RUB,6,9800,1,0,0,1000,,,,,,,,,,,,,,,https://www.oniks-dveri.ru/upload/iblock/87d/%D0%B3%D0%BB%D0%B0%D0%B2%D0%BD%D0%B0%D1%8F%20%281%29.png,,,,,,,,Дверь Оникс,
Дверь Плаза,ДВ-ПЛА-7,ДВ-ПЛА-7,RUB,7,9000,1,0,0,1000,,,,,,,,,,,,,,,https://www.oniks-dveri.ru/upload/iblock/889/%D0%9F%D0%BB%D0%B0%D0%B7%D0%B0.jpg,,,,,,,,Дверь Оникс,
Дверь Сфера,ДВ-СФЕ-8,ДВ-СФЕ-8,RUB,8,11500,1,0,0,1000,,,,,,,,,,,,,,,https://www.oniks-dveri.ru/upload/iblock/649/%D0%90%D0%BA%D0%B0%D1%86%D0%B8%D1%8F%20-%20%D0%A1%D1%84%D0%B5%D1%80%D0%B0.jpg,,,,,,,,Дверь Оникс,
Дверь Трио,ДВ-ТРИ-9,ДВ-ТРИ-9,RUB,9,9200,1,0,0,1000,,,,,,,,,,,,,,,https://www.oniks-dveri.ru/upload/iblock/6c4/%D0%B3%D0%BB%D0%B0%D0%B2%D0%BD%D0%B0%D1%8F.png,,,,,,,,Дверь Оникс,
Дверь Трио с филёнками,ДВ-ТРИ-10,ДВ-ТРИ-10,RUB,10,9200,1,0,0,1000,,,,,,,,,,,,,,,https://www.oniks-dveri.ru/upload/iblock/293/IMG_6889_1%D1%84%D1%84%D1%84%D1%84%D1%84.jpg,,,,,,,,Дверь Оникс,
Дверь Фрегат,ДВ-ФРЕ-11,ДВ-ФРЕ-11,RUB,11,11500,1,0,0,1000,,,,,,,,,,,,,,,https://www.oniks-dveri.ru/upload/iblock/854/%D0%A4%D1%80%D0%B5%D0%B3%D0%B0%D1%82.jpg,,,,,,,,Дверь Оникс,
Дверь Шпонированное полотно,ДВ-ШПО-12,ДВ-ШПО-12,RUB,12,9200,1,0,0,1000,,,,,,,,,,,,,,,https://www.oniks-dveri.ru/upload/iblock/d52/%D0%A8%D0%BF%D0%BE%D0%BD%D0%B8%D1%80%D0%BE%D0%B2%D0%B0%D0%BD%D0%BD%D0%BE%D0%B5%20%D0%BF%D0%BE%D0%BB%D0%BE%D1%82%D0%BD%D0%BE.jpg,,,,,,,,Дверь Оникс,
Дверь Шпонированное (горизонтальный шпон),ДВ-ШПО-13,ДВ-ШПО-13,RUB,13,10100,1,0,0,1000,,,,,,,,,,,,,,,https://www.oniks-dveri.ru/upload/iblock/3bc/%D0%A1%D0%BA%D1%80%D0%B8%D0%BD%D1%88%D0%BE%D1%82%2006-02-2019%20175055.jpg,,,,,,,,Дверь Оникс,
